escenario,registros,consulta,modo,primera_s,mediana_s,min_s,max_s
2024+2025+2026,121184384,b01_conteo_total.sql,parquet,0.0382,0.0389,0.0369,0.0404
2024+2025+2026,121184384,b02_filtro_un_dia.sql,parquet,0.106,0.0975,0.0927,0.1081
2024+2025+2026,121184384,01_viajes_por_mes.sql,parquet,0.851,0.9802,0.9281,1.039
2024+2025+2026,121184384,02_hora_y_dia.sql,parquet,1.0613,1.0185,0.978,1.0968
2024+2025+2026,121184384,03_caracteristicas_viaje.sql,parquet,20.0099,17.2721,16.6723,19.3018
2024+2025+2026,121184384,06_metodo_de_pago.sql,parquet,2.7694,2.8542,2.633,3.0132
2024+2025+2026,121184384,08_componentes_del_cobro.sql,parquet,1.3617,1.2506,1.2144,1.3109
2024+2025+2026,121184384,09_aeropuertos.sql,parquet,5.7797,5.797,5.2211,6.1133
2024+2025+2026,121184384,b01_conteo_total.sql,tabla,0.7098,0.0323,0.031,0.0363
2024+2025+2026,121184384,b02_filtro_un_dia.sql,tabla,0.0188,0.0072,0.0069,0.0075
2024+2025+2026,121184384,01_viajes_por_mes.sql,tabla,4.6408,0.4012,0.3817,0.5128
2024+2025+2026,121184384,02_hora_y_dia.sql,tabla,0.95,0.9284,0.9036,1.0389
2024+2025+2026,121184384,03_caracteristicas_viaje.sql,tabla,nan,nan,nan,nan
2024+2025+2026,121184384,06_metodo_de_pago.sql,tabla,2.9007,2.6237,2.316,2.67
2024+2025+2026,121184384,08_componentes_del_cobro.sql,tabla,1.776,0.8868,0.8673,0.9842
2024+2025+2026,121184384,09_aeropuertos.sql,tabla,5.3025,5.2627,4.897,5.5484
