tipo,anio,mes,archivo,estado,bytes_local,bytes_remoto,registros
yellow,2024,1,yellow_tripdata_2024-01.parquet,ok,49961641,49961641,2964624
yellow,2024,2,yellow_tripdata_2024-02.parquet,ok,50349284,50349284,3007526
yellow,2024,3,yellow_tripdata_2024-03.parquet,ok,60078280,60078280,3582628
yellow,2024,4,yellow_tripdata_2024-04.parquet,ok,59133625,59133625,3514289
yellow,2024,5,yellow_tripdata_2024-05.parquet,ok,62553128,62553128,3723833
yellow,2024,6,yellow_tripdata_2024-06.parquet,ok,59859922,59859922,3539193
yellow,2024,7,yellow_tripdata_2024-07.parquet,ok,52299432,52299432,3076903
yellow,2024,8,yellow_tripdata_2024-08.parquet,ok,51067350,51067350,2979183
yellow,2024,9,yellow_tripdata_2024-09.parquet,ok,61170186,61170186,3633030
yellow,2024,10,yellow_tripdata_2024-10.parquet,ok,64346071,64346071,3833771
yellow,2024,11,yellow_tripdata_2024-11.parquet,ok,60658709,60658709,3646369
yellow,2024,12,yellow_tripdata_2024-12.parquet,ok,61524085,61524085,3668371
green,2024,1,green_tripdata_2024-01.parquet,ok,1362284,1362284,56551
green,2024,2,green_tripdata_2024-02.parquet,ok,1283805,1283805,53577
green,2024,3,green_tripdata_2024-03.parquet,ok,1372372,1372372,57457
green,2024,4,green_tripdata_2024-04.parquet,ok,1346502,1346502,56471
green,2024,5,green_tripdata_2024-05.parquet,ok,1453912,1453912,61003
green,2024,6,green_tripdata_2024-06.parquet,ok,1326194,1326194,54748
green,2024,7,green_tripdata_2024-07.parquet,ok,1250973,1250973,51837
green,2024,8,green_tripdata_2024-08.parquet,ok,1267079,1267079,51771
green,2024,9,green_tripdata_2024-09.parquet,ok,1326186,1326186,54440
green,2024,10,green_tripdata_2024-10.parquet,ok,1353731,1353731,56147
green,2024,11,green_tripdata_2024-11.parquet,ok,1264688,1264688,52222
green,2024,12,green_tripdata_2024-12.parquet,ok,1312306,1312306,53994
yellow,2026,1,yellow_tripdata_2026-01.parquet,ok,64165080,64165080,3724889
yellow,2026,2,yellow_tripdata_2026-02.parquet,ok,58683353,58683353,3399866
yellow,2026,3,yellow_tripdata_2026-03.parquet,ok,67891249,67891249,3952451
yellow,2026,4,yellow_tripdata_2026-04.parquet,ok,64818115,64818115,3831240
yellow,2026,5,yellow_tripdata_2026-05.parquet,ok,69699174,69699174,4090836
yellow,2026,6,yellow_tripdata_2026-06.parquet,ok,65465637,65465637,3837248
yellow,2026,7,yellow_tripdata_2026-07.parquet,ok,61685033,61685033,3530109
yellow,2026,8,yellow_tripdata_2026-08.parquet,ok,59043961,59043961,3336716
yellow,2026,9,yellow_tripdata_2026-09.parquet,no_publicado,,,
yellow,2026,10,yellow_tripdata_2026-10.parquet,no_publicado,,,
yellow,2026,11,yellow_tripdata_2026-11.parquet,no_publicado,,,
yellow,2026,12,yellow_tripdata_2026-12.parquet,no_publicado,,,
green,2026,1,green_tripdata_2026-01.parquet,ok,991656,991656,40272
green,2026,2,green_tripdata_2026-02.parquet,ok,920753,920753,37373
green,2026,3,green_tripdata_2026-03.parquet,ok,1082530,1082530,44208
green,2026,4,green_tripdata_2026-04.parquet,ok,1075896,1075896,44238
green,2026,5,green_tripdata_2026-05.parquet,ok,1102947,1102947,44921
green,2026,6,green_tripdata_2026-06.parquet,ok,1075836,1075836,44163
green,2026,7,green_tripdata_2026-07.parquet,ok,1018250,1018250,41252
green,2026,8,green_tripdata_2026-08.parquet,ok,1007530,1007530,40687
green,2026,9,green_tripdata_2026-09.parquet,no_publicado,,,
green,2026,10,green_tripdata_2026-10.parquet,no_publicado,,,
green,2026,11,green_tripdata_2026-11.parquet,no_publicado,,,
green,2026,12,green_tripdata_2026-12.parquet,no_publicado,,,
